"","speaker","n"
"1","#ALL#",12
"2","1st Customer",1
"3","Alexandra Steele",1
"4","Amy Green",58
"5","Another Extra",1
"6","Ben Geller",2
"7","Bill",6
"8","Bitsy Hannigan",16
"9","Bitter Lady",2
"10","Bitter Woman",1
"11","Blonde Girl",1
"12","Boss",5
"13","Boy",1
"14","Catherine",4
"15","Chandler Bing",906
"16","Chandlers",1
"17","Charlie Wheeler",132
"18","Chase Lassiter",1
"19","Claudia",3
"20","David",72
"21","Director",16
"22","Dirk",3
"23","Doctor Connelly",5
"24","Dr. Drake Ramoray",13
"25","Dr. Gettleman",2
"26","Extra",1
"27","Gavin Mitchell",64
"28","Girl",2
"29","Gunther",7
"30","Guy",2
"31","Handyman",2
"32","Hayley",12
"33","Hayley's Roommate",1
"34","Heather",1
"35","Her Friend",1
"36","Intern",6
"37","Interviewer",6
"38","Jack Geller",22
"39","Jane",1
"40","Janice Litman Goralnik",10
"41","Jarvis Oberblau",2
"42","Jeanette",1
"43","Jo Lynn",1
"44","Joey Tribbiani",856
"45","Judy Geller",1
"46","Ken",5
"47","Kevin",2
"48","Kori",7
"49","Kyle Lowder",1
"50","Lennart",33
"51","Lowell (mugger)",7
"52","Maitre D'",2
"53","Man",2
"54","Man With A Bow Tie",2
"55","Manny",8
"56","Mary Ellen",4
"57","Matthew Ashford",2
"58","Message",2
"59","Michelle",16
"60","Mike Hannigan",214
"61","Molly",17
"62","Monica Geller",903
"63","Mr. Zelner",5
"64","Ms. Mckenna",8
"65","Nurse",7
"66","Olivia",6
"67","Others",3
"68","Paleontologist",1
"69","Phoebe Buffay",800
"70","Producer #1",1
"71","Professor Feesen",1
"72","Professor Sherman",1
"73","Professor Spafford",6
"74","Professore Clerk",1
"75","Prospective Nanny",4
"76","Racel",1
"77","Rachel Green",902
"78","Receptionist",23
"79","Ross Geller",879
"80","Sally",2
"81","Salon Girl",3
"82","Sandy",29
"83","Sarah",3
"84","Scene Directions",331
"85","Second Message",2
"86","Shop Assistant",1
"87","Sonia",4
"88","Steve",16
"89","Strange Man",1
"90","Stranger",2
"91","Theodore",9
"92","Tom",5
"93","Tv Announcer",2
"94","Waiter",27
"95","Waiter #2",1
"96","Waiters",2
"97","Wendy",15
"98","Woman",10
"99","Woman At Door",2
"100","Zack",20
"101",NA,26
