"","speaker","n"
"1","#ALL#",23
"2","A Crew Member",3
"3","A Male Customer",1
"4","A Student",1
"5","Alex",1
"6","Another Man's Voice",1
"7","Arthur",2
"8","Attendant",1
"9","Barry Farber",1
"10","Ben Geller",2
"11","Burt",3
"12","C.H.E.E.S.E.",2
"13","Carl (Joey's lookalike)",3
"14","Carol Willick",13
"15","Casting Director #1",3
"16","Casting Director #2",3
"17","Casting Director #3",1
"18","Chandler Bing",1037
"19","Croupler",2
"20","Customer",9
"21","Customers",1
"22","Dana Keystone",11
"23","Director",15
"24","Dr. Drake Ramoray",4
"25","Dr. Ledbetter",3
"26","Dr. Roger",6
"27","Dr. Wesley",2
"28","Eldad",4
"29","Elizabeth Stevens",89
"30","Emil Alexander",1
"31","Estelle Leonard",8
"32","Female Clerk",3
"33","Female Jeweler",1
"34","Fireman #1",5
"35","Fireman #2",4
"36","First Dorm Guy",2
"37","Girl",1
"38","Gunther",30
"39","Guy",1
"40","Guy #1",1
"41","Guy #2",3
"42","Guy All The Way In The Back",1
"43","Hillary",16
"44","Hitchhiker",6
"45","Hope",2
"46","Interviewer",7
"47","Jack",10
"48","Jack Geller",12
"49","Janice Litman Goralnik",2
"50","Janice's Voice",2
"51","Janine Lecroix",90
"52","Jill Green",67
"53","Joey Tribbiani",909
"54","Joey's Look-A-Like",2
"55","Judge",11
"56","Judy Geller",10
"57","Karin",2
"58","Kim",17
"59","Lisa",1
"60","Lorraine",2
"61","Lydia",1
"62","Male Jeweler",10
"63","Man's Voice",1
"64","Matire'D",2
"65","Meg",2
"66","Mel",1
"67","Monica Geller",901
"68","Monica's Boyfriend",6
"69","Mr. Bowmont",6
"70","Mr. Thompson",12
"71","Narrator",1
"72","Nurse",1
"73","Passerby",1
"74","Patrick",3
"75","Patron",3
"76","Paul Stevens",116
"77","Phoebe Buffay",787
"78","Professor Feesen",1
"79","Rachel Green",993
"80","Ralph Lauren",2
"81","Receptionist",5
"82","Richard Burke",50
"83","Richard's Date",1
"84","Ross Geller",913
"85","Russell",12
"86","Same Man's Voice",1
"87","Sarah",1
"88","Scene Directions",777
"89","Sebastian",9
"90","Second Dorm Guy",1
"91","Stephanie",1
"92","Susan Bunch",3
"93","Tall Guy",6
"94","The Director",9
"95","The Doctor",3
"96","The Dry Cleaner",13
"97","The Fan",8
"98","The Girls",3
"99","The Guys",1
"100","The Instructor",7
"101","The Museum Official",6
"102","The Porsche Owner",6
"103","The Potential Roommate",7
"104","The Producer",6
"105","The Professor",2
"106","The Vampire",1
"107","Ursula Buffay",6
"108","Waitress",2
"109","Wayne",11
"110","Woman",14
"111","Zoe",1
"112",NA,23
