"","speaker","n"
"1","#ALL#",55
"2","Alice Knight",13
"3","Anchorwoman",1
"4","Announcer",2
"5","Bass Singer",1
"6","Ben Geller",5
"7","Billy",11
"8","Bonnie",31
"9","Cailin",6
"10","Carol Willick",27
"11","Chandler Bing",825
"12","Chloe",28
"13","Clerk",2
"14","Commercial",1
"15","Cookie Tribbiani",4
"16","Director",12
"17","Doug",18
"18","Dr. Johnson",1
"19","Dr. Rhodes",6
"20","Employee",1
"21","Eric (photographer)",6
"22","Estelle Leonard",3
"23","Fireman",1
"24","Frank Buffay Jr.",79
"25","Friend No. 1",4
"26","Friend No. 2",4
"27","Ginger",16
"28","Girl",6
"29","Gunther",32
"30","Guru Saj",13
"31","Guy",23
"32","Her Friends",1
"33","Hold Voice",4
"34","Hoshi",4
"35","Host",2
"36","Hypnosis Tape",3
"37","Isabella Rosselini",10
"38","Issac",12
"39","Jack Geller",11
"40","Janice Litman Goralnik",62
"41","Jasmine",8
"42","Jason",15
"43","Jeannine",3
"44","Jester",4
"45","Joanna",27
"46","Joey Tribbiani",774
"47","Joey's Grandmother",4
"48","Joey's Sister",6
"49","Joey's Sisters",3
"50","Judy Geller",1
"51","Julio (poet)",13
"52","Kate Miller",61
"53","Lauren",24
"54","Leader",5
"55","Lecturer",2
"56","Leonard Green",32
"57","Leslie",14
"58","Machine",5
"59","Malcom",14
"60","Man",8
"61","Margha",11
"62","Mark Robinson",44
"63","Mary-Angela",2
"64","Mary-Theresa",1
"65","Matress King",2
"66","Michelle Burke",1
"67","Mike",3
"68","Mischa",14
"69","Monica Geller",848
"70","Mr. Heckles",7
"71","Mr. Kaplan",7
"72","Pete's Mom",1
"73","Peter Becker",103
"74","Phil",2
"75","Phoebe Abbott",18
"76","Phoebe Buffay",793
"77","Quartet",5
"78","Rachel Green",925
"79","Rachel's Boss",1
"80","Referee",1
"81","Richard Burke",43
"82","Richard's Date",5
"83","Robert Bobby",21
"84","Robin",10
"85","Robin Williams",1
"86","Ross Geller",1076
"87","Sarah Tuttle",11
"88","Scene Directions",771
"89","Secretary",1
"90","Sergei",6
"91","Sherman Whitfield",6
"92","Singer",4
"93","Sister 1",1
"94","Sophie",8
"95","Spokeswoman",2
"96","Stage Manager",2
"97","Stevens",3
"98","Student",7
"99","Susan Bunch",4
"100","The Bass Barber",2
"101","The Director",17
"102","The Girls",2
"103","The Guys",6
"104","Tommy",21
"105","Tv Announcer",2
"106","Vince",16
"107","Waitress",1
"108","Woman",15
"109","Woman's Voice",1
"110",NA,44
