"","speaker","n"
"1","#ALL#",47
"2","A Casino Boss",1
"3","A Drunken Gambler",1
"4","A Female Student",1
"5","A Tourist",1
"6","Alice Knight",3
"7","Andrea Waltham",7
"8","Answering Machine",1
"9","Ben Geller",3
"10","Blackjack Dealer",2
"11","Bob",3
"12","Both",1
"13","Caitlin",25
"14","Carol Willick",7
"15","Chandler Bing",940
"16","Cop",14
"17","Cynthia",4
"18","Dan",7
"19","Danny",58
"20","Danny's Sister",1
"21","Dave",4
"22","Delivery Girl",1
"23","Delivery Room Nurse",1
"24","Doug",16
"25","Dr. Harad",18
"26","Dr. Ledbetter",14
"27","Dr. Miller",14
"28","Dr. Oberman",2
"29","Drunken Gambler",2
"30","Elizabeth Hornswoggle",6
"31","Emeril",1
"32","Emily Waltham",29
"33","Estelle Leonard",3
"34","Frank Buffay Jr.",25
"35","Frank Buffay Sr.",24
"36","Gary",91
"37","Gary Collins",2
"38","Gary's Radio",2
"39","Gate Agent",2
"40","Grandma Tribbiani",6
"41","Guest #1",1
"42","Guest #2",1
"43","Guest #3",1
"44","Gunther",10
"45","Guy",6
"46","Health Inspector",1
"47","Hotel Clerk",3
"48","Jack Geller",12
"49","Janice Litman Goralnik",14
"50","Jay Leno",1
"51","Jen",5
"52","Joey Tribbiani",935
"53","Joey's Doctor",6
"54","Joey's Hand Twin",13
"55","Judy Geller",13
"56","Kara",4
"57","Katie",15
"58","Kim",24
"59","Krista",9
"60","Kyle",2
"61","Larry",21
"62","Male Nurse",2
"63","Man",5
"64","Minister",9
"65","Monica Geller",913
"66","Mr. Zelner",12
"67","Nancy",9
"68","Nora Tyler Bing",1
"69","Nurse",5
"70","Party Guests",1
"71","Pbs Volunteer",2
"72","Phoebe Buffay",815
"73","Rachel Green",917
"74","Raymond",1
"75","Ross Geller",870
"76","Scene Directions",862
"77","Stage Director",6
"78","Stanley",6
"79","Stephen Waltham",9
"80","Steve Cera",14
"81","The Attendant",1
"82","The Casting Director",18
"83","The Croupier",3
"84","The Doctor",9
"85","The Flight Attendant",4
"86","The Grip",2
"87","The Guys",1
"88","The Hot Girl",3
"89","The Housekeeper",1
"90","The Husband",1
"91","The Little Girl",1
"92","The Lurker",6
"93","The Man",4
"94","The Old Man",2
"95","The Paramedic",1
"96","The Pastor",1
"97","The Salesman",6
"98","The Saleswoman",4
"99","The Security Guard",7
"100","The Smoking Woman",7
"101","The Teacher",11
"102","The Woman Dealer",3
"103","Tom",3
"104","Ursula Buffay",8
"105","Voice",1
"106","Woman",1
"107","Woman No. 1",3
"108","Woman No. 2",5
"109",NA,19
