"","speaker","n"
"1","#ALL#",44
"2","Alison",1
"3","Amber",6
"4","Annabelle",7
"5","Barry Farber",3
"6","Ben Geller",5
"7","Best Man",3
"8","Big Bully",22
"9","Bobby Rush",27
"10","Both",5
"11","Buddy Boyles",3
"12","Carol Willick",46
"13","Caroline",6
"14","Casting Guy",4
"15","Chandler Bing",768
"16","Customer",1
"17","Dean Lipson",6
"18","Delivery Guy",5
"19","Director",3
"20","Director's Assistant",6
"21","Doctor",3
"22","Dr. Drake Ramoray",9
"23","Dr. Horton",2
"24","Duncan",20
"25","Eddie Menuek",64
"26","Erica Ford",26
"27","Ernie",2
"28","Estelle Leonard",12
"29","Frank Buffay Jr.",16
"30","Friend",4
"31","Gail",2
"32","Gang",6
"33","Girl 1",5
"34","Girl 1 On Bus",1
"35","Girl 2",2
"36","Girl 2 On Bus",1
"37","Girl's Voice",1
"38","Grandmother",18
"39","Gunther",11
"40","Guy",8
"41","Guys",1
"42","Hombre Man",9
"43","Intercom",1
"44","Interviewer",12
"45","Jade",17
"46","Janice Litman Goralnik",8
"47","Janitor",12
"48","Jean-Claude Van Damme",14
"49","Jeannie",2
"50","Joey Tribbiani",654
"51","Joey's Co-Star",4
"52","Judy Geller",41
"53","Julie",41
"54","Kid",4
"55","Kids",1
"56","Leonard Green",25
"57","Little Bully",20
"58","Machine",2
"59","Man",1
"60","Michael",14
"61","Mindy Hunter",5
"62","Minister",1
"63","Monica Geller",788
"64","Mover",3
"65","Mr. Adelman",8
"66","Mr. Douglas",4
"67","Mr. Heckles",4
"68","Mr. Ratstatter",18
"69","Mr. Treeger",12
"70","Mr. Wineburg",4
"71","Mrs. Buffay",7
"72","Mrs. Wallace",1
"73","Mrs. Wineburg",2
"74","Old Woman",1
"75","Paulo",3
"76","Phoebe Buffay",664
"77","Producer",4
"78","Rachel Green",811
"79","Radio",2
"80","Richard Burke",155
"81","Rob",15
"82","Ross Geller",909
"83","Roy",2
"84","Russ",23
"85","Ryan",32
"86","Sandra Green",45
"87","Scene Directions",301
"88","Scott Alexander",4
"89","Security Guard",4
"90","Stephanie Schiffer",13
"91","Steven Fisher",6
"92","Store Guy",2
"93","Stranger",4
"94","Susan Bunch",21
"95","Susie Moss",35
"96","Tattoo Artist",1
"97","Terry",7
"98","Tilly",8
"99","Together",1
"100","Trainer",2
"101","Transit Authority Guy",1
"102","Tv Doctor",1
"103","Waiter",11
"104","Waitress",1
"105","Wedding Planner",1
"106","Woman",1
"107","Writer",1
"108",NA,32
