"","speaker","n"
"1","#ALL#",4
"2","Airline Employee",4
"3","Anxious Wedding Guest",4
"4","Ashley",1
"5","Aunt Lisa",5
"6","Ballerina",3
"7","Bandleader",3
"8","Ben Geller",3
"9","Bob (Chandler's coworker)",11
"10","Bobby Corso",7
"11","Both",1
"12","Boy In The Cape",6
"13","Brenda",14
"14","Cashier",7
"15","Chandler Bing",676
"16","Cliff",20
"17","Clown",1
"18","Cowgirl",1
"19","Dennis Phillips",8
"20","Dina",23
"21","Director",1
"22","Doctor",3
"23","Don",12
"24","Doug",16
"25","Dr. Drake Ramoray",3
"26","Dr. Long",37
"27","Dr. Schiff",8
"28","Eric",62
"29","Erin",1
"30","Estelle Leonard",3
"31","Evil Bitch",6
"32","Fat Girl",2
"33","Front Desk Clerk",2
"34","Gert",3
"35","Girl",4
"36","Gunther",10
"37","Guy",6
"38","Hooker",4
"39","Host",1
"40","Jack Geller",6
"41","Janice Litman Goralnik",24
"42","Janine",3
"43","Jill Green",2
"44","Jim",13
"45","Joey Tribbiani",909
"46","Joey's Co-Star",6
"47","Joey's Date",4
"48","Judy Geller",16
"49","Julie Coreger",7
"50","Kash",8
"51","Katie (saleswoman)",7
"52","Kid",1
"53","Kids",2
"54","Kristen",5
"55","Lauren",1
"56","Leonard Green",27
"57","Little Girl",7
"58","Locksmith",1
"59","Man",21
"60","Man At The Wedding",3
"61","Man On Tv",3
"62","Marc Coreger",7
"63","Mike",2
"64","Mona",111
"65","Mona's Date",3
"66","Monica Geller",811
"67","Mr. Franklin",9
"68","Mr. Treeger",8
"69","Mr. Zelner",5
"70","Mrs. Verhoeven's Daughter",10
"71","Nora Tyler Bing",4
"72","Nurse",16
"73","Parker",33
"74","Phoebe Buffay",771
"75","Photographer",5
"76","Rachel Green",1082
"77","Ray",6
"78","Roger",1
"79","Ross Geller",983
"80","Sandra Green",37
"81","Scene Directions",625
"82","Second Girl",2
"83","Sick Bastard",2
"84","Sid Goralnik",2
"85","Stripper",5
"86","Stu",6
"87","Student",2
"88","Tag Jones",15
"89","The Acting Teacher",1
"90","The Cooking Teacher",20
"91","The Food Critic",3
"92","The Girls",1
"93","The Interviewer",32
"94","The Teacher",7
"95","Ticket Agent",6
"96","Tim",19
"97","Trudie Styler",12
"98","Uncle Dan",1
"99","Ursula Buffay",17
"100","Waiter",8
"101","Waiter No. 2",3
"102","Waitress",1
"103","Will Colbert",50
"104","Witch",1
"105","Woman",21
"106","Woman At The Wedding",3
"107","Woman Giving Birth",1
"108","Woman On Tv",3
"109",NA,10
