"","speaker","n"
"1","#ALL#",15
"2","A Disembodied Voice",1
"3","A Woman",3
"4","Announcer",3
"5","Aunt Millie",3
"6","Ben Geller",53
"7","C.H.E.E.S.E.",2
"8","Carol Willick",10
"9","Cassie Geller",16
"10","Cecilia",49
"11","Chandler Bing",846
"12","Charles Bing",5
"13","David",20
"14","Dina",8
"15","Dr. Stryker Remoray",1
"16","Earl",29
"17","Erin",23
"18","Estelle Leonard",3
"19","Female Student",1
"20","Franny",2
"21","Fredrick",1
"22","Gary",5
"23","Gunther",5
"24","Guy",6
"25","Helena",18
"26","Hilda",4
"27","Jack Geller",60
"28","Jake",5
"29","Janice Litman Goralnik",18
"30","Jessica Ashley",4
"31","Jessica Lockhart",4
"32","Joey Tribbiani",933
"33","Joey's Date",3
"34","Judy Geller",22
"35","Julie Graff",2
"36","Kathy",2
"37","Kristen Leigh",27
"38","Kyle",4
"39","Lewis",10
"40","Lisa Kudrow",1
"41","Mac",2
"42","Maitre D'",3
"43","Male Guest",1
"44","Male Student",1
"45","Man",9
"46","Marge",1
"47","Matthew Perry",1
"48","Megan Bailey",15
"49","Melissa Warburton",33
"50","Monica Geller",900
"51","Mr. Zelner",7
"52","Ned Morse",10
"53","Nora Tyler Bing",7
"54","Nurse #1",1
"55","Nurse #2",1
"56","Phoebe Buffay",800
"57","Policeman",22
"58","Rachel Green",1092
"59","Richard Burke",33
"60","Ross Geller",822
"61","Salesman",3
"62","Scene Directions",705
"63","Smoke Detector",1
"64","Supervisor",8
"65","Tag Jones",131
"66","Terry",10
"67","The ""Hey Guy"" Guy",1
"68","The Assistant Director",4
"69","The Casting Director",10
"70","The Chorus Line",2
"71","The Colonel",1
"72","The Cute Guy",7
"73","The Director",21
"74","The Fireman",5
"75","The Head Librarian",2
"76","The Knocker",1
"77","The Librarian",1
"78","The Man",2
"79","The Man In The Sportscar",1
"80","The Other Woman",1
"81","The Photographer",2
"82","The Presenter",1
"83","The Rabbi",4
"84","The Second Guest",1
"85","The Waiter",7
"86","The Waitress",1
"87","The Wedding Guest",2
"88","The Woman",13
"89","The Writer",1
"90","Tom",7
"91","Ursula Buffay",13
"92","Waiter In Drag",1
"93","Waitress",1
"94","Whitney",8
"95","Woman",25
"96",NA,27
