"","speaker","n"
"1","#ALL#",15
"2","Adoption Agency Guy",1
"3","Adrienne",2
"4","Agency Guy",11
"5","Air Stewardess",7
"6","Amanda Buffamonteezi",14
"7","Amy Green",65
"8","Announcer",3
"9","Answering Machine",1
"10","Assistant",11
"11","Benjamin Hobart",38
"12","Bill",4
"13","Both",3
"14","Casting Assistant",1
"15","Chandler Bing",683
"16","Charity Guy",18
"17","Charlie Wheeler",57
"18","Clerk",5
"19","Colleen",9
"20","Director",6
"21","Doctor",13
"22","Donny Osmond",12
"23","Dr. Biely",2
"24","Dr. Li",2
"25","Emma",1
"26","Erica",67
"27","Estelle Leonard",4
"28","Frank Buffay Jr.",24
"29","Gate Attendant #1",4
"30","Gate Attendant #2",6
"31","Gene",27
"32","Girl",4
"33","Glenda",2
"34","Gunther",4
"35","Henrietta",1
"36","Host",1
"37","Jack Geller",8
"38","Janice Litman Goralnik",14
"39","Jennifer Aniston",1
"40","Joey Tribbiani",723
"41","Judy Geller",10
"42","Lady",4
"43","Laura",16
"44","Leonard Green",5
"45","Mackenzie",11
"46","Maitre D'",3
"47","Man",8
"48","Mark Robinson",8
"49","Mike Hannigan",116
"50","Mike's Dad",1
"51","Mike's Father",2
"52","Mike's Mom",2
"53","Mike's Mother",1
"54","Missy Goldberg",10
"55","Monica Geller",685
"56","Mr. Campbell",10
"57","Mr. Zelner",22
"58","Nurse",5
"59","Owen",10
"60","Passenger #1",8
"61","Passenger #2",3
"62","Passenger #3",1
"63","Phoebe Buffay",699
"64","Pizza Guy",1
"65","Precious",11
"66","Rachel Green",774
"67","Realtor",2
"68","Rita",3
"69","Ross Geller",871
"70","Roy",24
"71","Sarah",14
"72","Scene Directions",232
"73","Stage Manager",1
"74","Tape",2
"75","The Guys",1
"76","Ticket Agent",1
"77","Voice",1
"78","Waiter",5
"79","Woman",1
"80",NA,21
