"","speaker","n"
"3","Alan",6
"4","Andrea",2
"5","Angela Delveccio",13
"7","Aunt Iris",5
"8","Aunt Lillian",8
"9","Aurora",29
"10","Barry Farber",35
"11","Bernice",3
"12","Bob",4
"13","Bobby Rush",4
"14","Both",3
"15","Carl (Rachel's date)",6
"16","Carol Willick",79
"19","Celia",6
"20","Chandler Bing",818
"21","Coma Guy",7
"22","Customer",2
"23","Danielle",5
"24","David",28
"25","Dick Clark",2
"27","Dr. Baldhara",7
"28","Dr. Franzblau",16
"29","Dr. Mitchell",13
"30","Dr. Oberman",2
"31","Dr. Rosen",10
"32","Ethan",28
"33","Fake Monica",18
"34","Fireman No. 1",3
"35","Fireman No. 2",3
"36","Fireman No. 3",4
"37","Flight Attendant",8
"38","Frank Buffay Jr.",7
"39","Franny",5
"40","Gerston",2
"41","Girl",8
"42","Gloria Tribbiani",8
"43","Guy",5
"44","Guys",4
"45","Helen",2
"46","Intercom",2
"47","Jamie",11
"48","Janice Litman Goralnik",38
"49","Janitor",1
"50","Jay Leno",4
"51","Jill Goodacre",14
"52","Joanne",5
"53","Joey Tribbiani",640
"54","Joey Tribbiani Sr.",23
"55","Judy Geller",33
"56","Julie",3
"57","Kid",3
"58","Kiki",4
"59","Kristin",5
"60","Leslie",3
"61","Lizzy",11
"62","Lorraine",4
"63","Lowell",7
"64","Luisa Gianetti",16
"65","Lydia",21
"66","Man",3
"67","Marsha",4
"68","Max",13
"69","Melanie",8
"70","Mindy Hunter",22
"71","Monica Geller",874
"72","Mr. Douglas",9
"73","Mr. Heckles",22
"74","Mrs. Tedlock",1
"75","Nina Bookbinder",14
"76","Nora Tyler Bing",28
"77","Nurse Sizemore",17
"78","Paolo",19
"79","Paul the Wine Guy",17
"80","Paula",6
"81","Petrie",1
"82","Phoebe Buffay",641
"83","Phoebe's Assistant",2
"84","Phoebe's Friends",1
"85","Pizza Guy",7
"86","Priest On Tv",1
"87","Rachel Green",850
"88","Receptionist",6
"89","Robbie",5
"90","Roger",24
"91","Ronni Rapalono",19
"92","Ross Geller",973
"93","Sandy",4
"94","Santos",2
"96","Shelley",11
"98","Steve (drug addict)",23
"99","Susan Bunch",69
"100","Teacher",16
"101","Terry",2
"104","Ursula",20
"105","Waitress",1
"106","Woman",14
"107","Woman No. 1",4
"108","Woman No. 2",1
