"","speaker","n"
"1","#ALL#",41
"2","A Waiter",1
"3","Air Hostess",2
"4","Alice Knight",25
"5","Allesandro",11
"6","Amanda (Ross' date)",7
"7","Andrea Waltham",26
"8","Another Scientist",2
"9","Another Tour Guide",1
"10","Bank Officer",2
"11","Bonnie",3
"12","Both",5
"13","Carol Willick",11
"14","Casey",2
"15","Chandler Bing",966
"16","Charlton Heston",9
"17","Cheryl",17
"18","Chip Matthews",18
"19","Chloe",3
"20","Devon",4
"21","Doctor",1
"22","Dr. Zane",6
"23","Dressmaker",1
"24","Drew",4
"25","Drunk Man",2
"26","Emily Waltham",145
"27","Felicity",5
"28","Fergie",4
"29","Frank Buffay Jr.",28
"30","Gate Agent",2
"31","Gunther",22
"32","Guy",3
"33","Gym Employee",6
"34","Housekeeper",7
"35","Interviewer",2
"36","Jack Geller",19
"37","Janice Litman Goralnik",26
"38","Joanna",46
"39","Joey Tribbiani",838
"40","Joshua Burgin",103
"41","Judy Geller",33
"42","Julie",1
"43","Kathy",89
"44","Kathy's Co-Star",4
"45","Kitchen Worker",2
"46","Liam",7
"47","Marjorie",3
"48","Mike",4
"49","Minister",12
"50","Monica Geller",818
"51","Mr. Burgin",9
"52","Mr. Posner",2
"53","Mr. Simon",1
"54","Mr. Treeger",38
"55","Mrs. Burgin",5
"56","Mrs. Burkart",9
"57","Mrs. Chatracus",1
"58","Mrs. Lynch",8
"59","Mrs. Potter",3
"60","Ms. Lambert",1
"61","Nurse",2
"62","Older Scientist",2
"63","Oven",1
"64","Passenger",7
"65","Peter",1
"66","Phoebe Abbott",32
"67","Phoebe Buffay",731
"68","Rachel Green",966
"69","Rick Sanoven",10
"70","Ross Geller",861
"71","Scene Directions",801
"72","Sleep Clinic Worker",3
"73","Smart Kid",1
"74","Sophie",6
"75","Stephen Waltham",31
"76","Susan Bunch",7
"77","The A.D",7
"78","The Cigarette Guy",1
"79","The Cigarette Smoking Guy",1
"80","The Conductor",2
"81","The Doctor",8
"82","The Girls",1
"83","The Guys",1
"84","The Saleslady",6
"85","The Salesman",15
"86","The Singing Man",6
"87","The Stripper",11
"88","The Vendor",4
"89","The Waiter",9
"90","The Woman From Poughkeepsie",1
"91","Ticket Agent",15
"92","Ticket Counter Attendant",5
"93","Timothy Burke",28
"94","Tony",3
"95","Tour Guide",6
"96","Ursula Buffay",7
"97","Voice",2
"98","Waiter",2
"99","Woman",4
"100","Woman On Train",4
"101",NA,32
